{
    "max_qc": {
        "params": {
            "beta_c": 14.607242644015646,
            "beta_h": 7.714990763392598,
            "omega_c": 0.8330420521674946,
            "omega_h": 11.074738992056043,
            "lambda": 0.05793452976256486
        },
        "metrics": {
            "cop": 0.09471699971411038,
            "qc": 4.975079843865717e-06,
            "qh": -5.7500812910604304e-05,
            "w": -5.252573306673859e-05,
            "cop_carnot": 1.1193715634628223,
            "cop_harmonic": 0.08133828378801451
        }
    },
    "max_chi": {
        "params": {
            "beta_c": 3.7719682851919085,
            "beta_h": 2.101399740133736,
            "omega_c": 3.767673817634682,
            "omega_h": 14.79342806313513,
            "lambda": 0.309127385765148
        },
        "metrics": {
            "cop": 0.3456359149190968,
            "qc": 2.5575640324178387e-06,
            "qh": -9.957153953553463e-06,
            "w": -7.399589921135624e-06,
            "cop_carnot": 1.257894952200576,
            "cop_harmonic": 0.341715744224233
        }
    },
    "max_cop_pure": {
        "params": {
            "beta_c": 3.6120840594311763,
            "beta_h": 2.2126572286110515,
            "omega_c": 9.999999999923899,
            "omega_h": 16.488552962847365,
            "lambda": 0.49999999999927053
        },
        "metrics": {
            "cop": 1.543459403441939,
            "qc": 1.111055691885188e-15,
            "qh": -1.830903385583847e-15,
            "w": -7.19847693698659e-16,
            "cop_carnot": 1.5811167685804184,
            "cop_harmonic": 1.5411756761585136
        }
    }
}