{
    "alphas": [
        0.0,
        0.01,
        0.02,
        0.03,
        0.04,
        0.05,
        0.06,
        0.07,
        0.08,
        0.09,
        0.1,
        0.11,
        0.12,
        0.13,
        0.14,
        0.15,
        0.16,
        0.17,
        0.18,
        0.19,
        0.2
    ],
    "case1": [
        0.8571428571428571,
        0.8569257152507893,
        0.8567085752888546,
        0.856491437257027,
        0.8562743011552811,
        0.8560571669835909,
        0.8558400347419307,
        0.8556229044302749,
        0.8554057760485977,
        0.8551886495496859,
        0.854971525075076,
        0.8547544024831802,
        0.85453728182116,
        0.8543201630889898,
        0.8541030462866438,
        0.8538859314140962,
        0.8536688184713214,
        0.8534517073079646,
        0.853234598374987,
        0.8530174912213763,
        0.8528003859974352
    ],
    "case2": [
        0.6298892148027816,
        0.6116332962729266,
        0.5947950164350803,
        0.5826530567512246,
        0.573181060054492,
        0.5653222517447937,
        0.5585607678170734,
        0.5526016452117655,
        0.54725864690999,
        0.5424058387771974,
        0.5379536624490242,
        0.5338359140996612,
        0.530002127963377,
        0.5264128650492524,
        0.5230366563495161,
        0.5198479538417792,
        0.5168257017860964,
        0.5139523230967201,
        0.5112129785798311,
        0.5085950147932582,
        0.5060875490286383
    ],
    "case3": [
        0.3972069985159894,
        0.3745984609321701,
        0.3648266326169973,
        0.358300936767434,
        0.3532919134442668,
        0.34918583821155585,
        0.34568651896281904,
        0.34262622715027763,
        0.33989996031385755,
        0.3374372624689675,
        0.3351883791552386,
        0.333116771291885,
        0.33119475503835477,
        0.3294008170703722,
        0.3277178856337832,
        0.3261321697835847,
        0.32463235795786327,
        0.3232090516454483,
        0.32185434620017933,
        0.3205615418297311,
        0.3193248813350157
    ],
    "case4": [
        0.3430505541042239,
        0.31405743472541414,
        0.30249497505552436,
        0.29492674125233,
        0.2891985155466625,
        0.28455416298663255,
        0.28063181210252486,
        0.2772279854589922,
        0.274216082132326,
        0.2715116243136136,
        0.2690552514669584,
        0.2668035723638845,
        0.264723849665013,
        0.2627907449439957,
        0.26098422445116204,
        0.25928816140009037,
        0.25768937276867865,
        0.25617693810092385,
        0.25474170435224497,
        0.2533759209212649,
        0.2520729665653519
    ]
}