{
    "case1": {
        "params": {
            "beta_c": 11.412986484038885,
            "beta_h": 1.636878452499203,
            "omega_c": 1.9032376348532503,
            "omega_h": 13.26971884622169,
            "lambda": 0.11682974570258677
        },
        "eta": 0.8529380693835581,
        "qh": 3.466781329722646e-12,
        "qc": -5.098315553740482e-13,
        "w": 2.9569497743485982e-12,
        "eta_carnot": 0.8565775527038093
    },
    "case2": {
        "params": {
            "beta_c": 3.4644847195500703,
            "beta_h": 0.7007268713456739,
            "omega_c": 2.262822462969837,
            "omega_h": 11.187384310273154,
            "lambda": 6.734593883380917e-11
        },
        "eta": 0.797734379552604,
        "qh": 9.395499773118298e-07,
        "qc": -1.9003865910231407e-07,
        "w": 7.495113182095157e-07,
        "eta_carnot": 0.7977399445893135
    }
}