{
    "alphas": [
        0.0,
        0.014285714285714287,
        0.028571428571428574,
        0.04285714285714286,
        0.05714285714285715,
        0.07142857142857144,
        0.08571428571428572,
        0.1,
        0.1142857142857143,
        0.1285714285714286,
        0.14285714285714288,
        0.15714285714285717,
        0.17142857142857143,
        0.18571428571428572,
        0.2
    ],
    "case1_etas": [
        0.8571428571428571,
        0.8568326550307617,
        0.8565224568576907,
        0.8562122625380884,
        0.8559020723283218,
        0.855591885971874,
        0.8552817035541503,
        0.8549715250750761,
        0.8546613502040847,
        0.8543511799325753,
        0.8540410132689988,
        0.8537308505397535,
        0.8534206917568185,
        0.8531105369080647,
        0.8528003859974352
    ],
    "case2_etas": [
        0.6298892147584441,
        0.603860380609118,
        0.5841875886626032,
        0.5707996609568251,
        0.5604004829007967,
        0.5518040827282107,
        0.5444319790931982,
        0.5379536620586329,
        0.5321606040362116,
        0.5269119103477835,
        0.522107460533938,
        0.5176732989111593,
        0.5135530939219299,
        0.5097028710689954,
        0.5060875490417103
    ]
}