{
    "alphas": [
        0.0,
        0.014285714285714287,
        0.028571428571428574,
        0.04285714285714286,
        0.05714285714285715,
        0.07142857142857144,
        0.08571428571428572,
        0.1,
        0.1142857142857143,
        0.1285714285714286,
        0.14285714285714288,
        0.15714285714285717,
        0.17142857142857143,
        0.18571428571428572,
        0.2
    ],
    "case1_etas": [
        0.8571428571428572,
        0.8568326550307617,
        0.8565224568576907,
        0.8562122626235691,
        0.8559020723283218,
        0.8555918858943121,
        0.8552817035541503,
        0.8549715250710511,
        0.8546613505345759,
        0.8543511799325753,
        0.8540410132689988,
        0.8537308505437715,
        0.8534206917568185,
        0.8531105369080648,
        0.8528003859974351
    ],
    "case2_etas": [
        0.6298892146659807,
        0.6038603800155455,
        0.5841875884473269,
        0.5707996601792543,
        0.560400483194353,
        0.5518040820083736,
        0.544431979355617,
        0.537953662655436,
        0.5321606035105555,
        0.5269119096995102,
        0.5221074596113189,
        0.5176732992932076,
        0.5135530970821239,
        0.5097028705325465,
        0.5060875490784886
    ]
}