{
    "case1": {
        "alpha_0.00": [
            13.790935261190231,
            1.4571844461782404,
            1.0,
            6.999999999999999
        ],
        "alpha_0.05": [
            12.888306885246205,
            1.840520031224265,
            2.142857142857143,
            15.0
        ],
        "alpha_0.10": [
            19.39052180643827,
            1.4361927797184664,
            2.142857142857143,
            15.0
        ],
        "alpha_0.20": [
            9.953661864677143,
            1.421285028287212,
            2.142857142857143,
            14.999999999999998
        ]
    },
    "case2": {
        "alpha_0.00": [
            2.499999999999869,
            0.10000000000004744,
            1.000000000000145,
            3.600144511781335
        ],
        "alpha_0.05": [
            2.5,
            0.10000000000000007,
            1.3105932516411345,
            4.4103135383610885
        ],
        "alpha_0.10": [
            2.499999999999712,
            0.10000000000002797,
            1.5397269411427046,
            4.8930338994699865
        ],
        "alpha_0.20": [
            2.4999999999994382,
            0.1,
            1.82978143492554,
            5.4329475049234395
        ]
    },
    "case3": {
        "alpha_0.00": [
            2.499999999999999,
            0.1,
            1.0000000000000104,
            3.0568980960895793
        ],
        "alpha_0.05": [
            2.499999999999998,
            0.1,
            1.7897968289160258,
            4.802184311616129
        ],
        "alpha_0.10": [
            2.499999999999982,
            0.1,
            2.1001502820328812,
            5.337844125570434
        ],
        "alpha_0.20": [
            2.499999999999999,
            0.10000000000000002,
            2.4810935607901947,
            5.939029194519847
        ]
    },
    "case4": {
        "alpha_0.00": [
            2.5000000000000018,
            0.10000000000000009,
            1.0,
            2.2580947058888645
        ],
        "alpha_0.05": [
            2.5000000000000004,
            0.10000000000000002,
            1.8672246058363509,
            3.7290090752229017
        ],
        "alpha_0.10": [
            2.499999999999987,
            0.1,
            2.196006182233234,
            4.201586512141996
        ],
        "alpha_0.20": [
            2.4999999999990865,
            0.1,
            2.598222139141188,
            4.745719760010862
        ]
    }
}