{
    "case1": [
        5.847648078637898,
        5.533797777749189,
        5.3316273888017065,
        5.195178186431899,
        5.089647454612433
    ],
    "case2": [
        4.491025871942229,
        3.8635655503634867,
        3.6135333083540715,
        3.452103455544533,
        3.3313076918833944
    ],
    "case3": [
        3.341248276990229,
        2.7769757077187833,
        2.606995413385195,
        2.4986159120416698,
        2.418062070595151
    ],
    "case4": [
        2.879951701532997,
        2.273655837319499,
        2.1081553415171834,
        2.00497664949187,
        1.9293886648536134
    ],
    "alphas": [
        0.0,
        0.05,
        0.1,
        0.15,
        0.2
    ]
}