{
  "lambda": [
    0.0,
    0.01,
    0.02,
    0.03,
    0.04,
    0.05,
    0.06,
    0.07,
    0.08,
    0.09,
    0.1,
    0.11,
    0.12,
    0.13,
    0.14,
    0.15,
    0.16,
    0.17,
    0.18,
    0.19,
    0.2
  ],
  "eta_max": [
    0.857142857160946,
    0.8571157143009155,
    0.8570885714889248,
    0.8570614287071427,
    0.8570342859557798,
    0.8570071432350358,
    0.8569800005428562,
    0.8569528578817432,
    0.8569257152507901,
    0.856898572649994,
    0.8568714300793621,
    0.8568442875388779,
    0.856817145028557,
    0.8567900025483943,
    0.8567628600983898,
    0.8567357176785481,
    0.8567085752889948,
    0.856681432929325,
    0.8566542905999512,
    0.8566271483007363,
    0.8566000060317122
  ],
  "opt_bc": [
    30.0,
    29.064933546697258,
    22.48754322260107,
    16.31506103519784,
    29.064933546697258,
    16.31506103519784,
    22.48754322260107,
    10.674181125594655,
    29.064933546697258,
    16.31506103519784,
    16.31506103519784,
    22.48754322260107,
    16.31506103519784,
    16.31506103519784,
    16.31506103519784,
    29.064933546697258,
    22.48754322260107,
    16.792631920641,
    14.230048465163916,
    16.31506103519784,
    29.60107085556577
  ],
  "opt_bh": [
    4.284028501048402,
    1.2348787428151133,
    1.1653326320158681,
    0.917745921554771,
    1.2348787428151133,
    0.9194953219826671,
    1.1680592929045124,
    0.997620221128693,
    1.2348787428151133,
    0.9194953219826671,
    0.9189539860253025,
    1.168049743559313,
    0.9198525957993939,
    0.9194953219826671,
    0.9194913823540178,
    1.2348787428151133,
    1.1680536887522415,
    0.7700933199584301,
    0.84028460667752,
    0.9195521799835447,
    1.1859157650200358
  ],
  "opt_wc": [
    0.9800201120513403,
    4.285714285708735,
    4.285714285713205,
    4.285714285714282,
    4.285714285707015,
    4.2857142856869395,
    4.2857142857142465,
    4.285714285714285,
    4.285714285714257,
    4.285714285714285,
    4.285714285714087,
    4.285714285714285,
    4.285714285714285,
    4.285714285714286,
    4.285714285714286,
    4.285714285714116,
    4.285714285710054,
    4.28571428571425,
    4.285714285714286,
    4.285714285714284,
    4.285714285713285
  ],
  "opt_wh": [
    6.860140785228026,
    29.99999999998674,
    30.0,
    30.0,
    29.999999999996373,
    30.0,
    29.999999999999897,
    30.0,
    29.999999999999947,
    30.0,
    29.99999999999972,
    30.0,
    30.0,
    30.0,
    30.0,
    29.99999999999983,
    30.0,
    29.99999999999996,
    30.0,
    29.999999999999996,
    29.999999999999996
  ],
  "R_omega": 7.0,
  "R_beta": 25.0
}